product_category,RMSE
Q2,0.1648411412584614
Q3,0.1577215947485949
Q4-High,0.12073059517555124
Q1-Low,0.07332297377364659
