,Category,Value1,Value2
count,7,7.0,7.0
unique,3,,
top,A,,
freq,3,,
mean,,40.0,35.0
std,,21.602468994692867,21.602468994692867
min,,10.0,5.0
25%,,25.0,20.0
50%,,40.0,35.0
75%,,55.0,50.0
max,,70.0,65.0
